code,system
G33z100,readv2
G33z300,readv2
4139E,readv2
G330z00,readv2
G330.00,readv2
G31y000,readv2
G311200,readv2
G311300,readv2
G330000,readv2
G311400,readv2
14AJ.00,readv2
G33z600,readv2
G311.14,readv2
G33z200,readv2
4139AA,readv2
4139AT,readv2
4139N,readv2
4139C,readv2
4139PA,readv2
4129RE,readv2
G31y200,readv2
G33z700,readv2
G311100,readv2
G311.13,readv2
4139U,readv2
Gyu3000,readv2
G33z.00,readv2
G33..00,readv2
14A5.00,readv2
G33zz00,readv2
4139,readv2
G34y000,readv2
G311.12,readv2
G311z00,readv2
G311.00,readv2
G33z000,readv2
G31y300,readv2
G34y100,readv2
4119P,readv2
G311.11,readv2
4139CO,readv2
G311500,readv2
g332.00,readv2
G332.00,readv2
G331.11,readv2
4139PC,readv2
G331.00,readv2
4139PB,readv2
G312.00,readv2
4139M,readv2
4130E,readv2
4130,readv2